"run_id","sample_id","element","amount","area_or_voltage","C_amount","C_percent","delta_value","delta_value_blank_corrected","delta_value_final"
"20260501_EA_diatom_C","Empty","C",NA,3.999,0.00177616274633107,NA,-26.438,-25.930796278227,-28.851759013179
"20260501_EA_diatom_C","Blank-5-Cap","C",NA,18.446,0.00449403997819212,NA,-25.695,-25.478093976917,-28.2961443316513
"20260501_EA_diatom_C","TTAS","C",0.104,194.75,0.0376616614557329,36.2131360151278,-12.178,-11.8525726165134,-11.5731462611651
"20260501_EA_diatom_C","SERC1","C",0.06,103.47,0.0204893880616527,34.1489801027544,-19.905,-19.6195972787939,-21.1058411948206
"20260501_EA_diatom_C","SERC0","C",0.015,20.689,0.00491600984259749,32.7733989506499,-31.026,-32.2613616414492,-36.6214457322432
"20260501_EA_diatom_C","Blank-5-Cap","C",NA,20.17,0.004818371697423,NA,-26.07,-25.9800890050783,-28.9122574083759
"20260501_EA_diatom_C","Tp-01a","C",0.15,108.044,0.0213498830058302,14.2332553372201,-18.302,-17.9618170324816,-19.0711993541837
"20260501_EA_diatom_C","Tp-01b","C",0.077,70.36,0.0142604882799042,18.5201146492263,-18.443,-17.9178989425369,-19.0172974069496
"20260501_EA_diatom_C","Tp-01c","C",0.102,64.838,0.0132216485156392,12.9624005055286,-18.461,-17.8892528538218,-18.9821392303457
"20260501_EA_diatom_C","Tp-02a","C",0.121,76.277,0.0153736383858724,12.705486269316,-20.5,-20.1427372259602,-21.7479060447192
"20260501_EA_diatom_C","Tp-02b","C",0.109,69.815,0.0141579588210986,12.9889530468795,-20.565,-20.1767951989312,-21.7897063840393
"20260501_EA_diatom_C","Blank-5-Cap","C",NA,20.646,0.00490792036236145,NA,-26.25,-26.2108729195189,-29.1955052088677
"20260501_EA_diatom_C","TTAS","C",0.154,323.821,0.0619434592126055,40.2230254627308,-12.051,-11.8553208846681,-11.5765192904851
"20260501_EA_diatom_C","SERC1","C",0.065,115.049,0.0226677157745148,34.8734088838689,-19.898,-19.6421766062464,-21.1335534591394
"20260501_EA_diatom_C","SERC0","C",0.035,60.404,0.0123874914140907,35.3928326116876,-31.146,-31.5153015520204,-35.7057845178222
"20260501_EA_diatom_C","SERC0","C",0.064,106.786,0.0211132186770643,32.9894041829129,-31.476,-31.6921124081431,-35.9227896163848
"20260501_EA_diatom_C","Tp-02c","C",0.106,67.791,0.0137771888676629,12.9973479883612,-20.592,-20.1932633707375,-21.8099182495567
"20260501_EA_diatom_C","Tp-03a","C",0.14,33.623,0.00734925024661845,5.24946446187032,-22.823,-22.2909312521997,-24.3844469597869
"20260501_EA_diatom_C","Tp-03b","C",0.093,19.2,0.00463588807349379,4.9848258854772,-23.379,-22.4931352536332,-24.6326178030431
"20260501_EA_diatom_C","Tp-03c","C",0.139,27.49,0.00619546461202277,4.45716878562789,-24.048,-23.6056328758921,-25.9980184433827
"20260501_EA_diatom_C","Blank-5-Cap","C",NA,27.892,0.00627109184585735,NA,-27.57,-27.7873359893857,-31.1303441172847
"20260501_EA_diatom_C","TTAS","C",0.078,152.121,0.0296419765026627,38.0025339777727,-12.185,-11.7658948221581,-11.4667640869043
"20260501_EA_diatom_C","SERC1","C",0.072,106.828,0.0211211200298529,29.3348889303513,-19.946,-19.6716936456222,-21.1697805787829
"20260501_EA_diatom_C","SERC0","C",0.072,126.507,0.0248232800662476,34.4767778697883,-31.448,-31.6282221623456,-35.8443752622523
"20260501_EA_diatom_C","Empty","C",NA,5.713,0.00209861319108845,NA,-26.713,-27.7314471888143,-31.0617501692517
